class,precision,recall,f1_score,support,value
Not Confirmed,0.34554294975688815,0.5300845350571854,0.41836734693877553,2011.0,
Confirmed,0.6758147512864494,0.4938581098019554,0.570683661645423,3989.0,
accuracy,,,,,0.506
macro avg,0.5106788505216688,0.5119713224295704,0.49452550429209924,6000.0,
weighted avg,0.5651186524737916,0.506,0.519632310166245,6000.0,
ROC_AUC,,,,,0.507650202652022
threshold_used,,,,,0.55
