metric,value
RMSE,58.5684831299125
MAE,51.16691386577005
R2,-0.0010448585050522041
