metric,value
RMSE,58.60043921438989
MAE,51.18040359832955
R2,-0.002137534954516518
