class,precision,recall,f1_score,support,value
Not Confirmed,0.3384750991626267,0.7637991049229239,0.4690792487402657,2011.0,
Confirmed,0.6751025991792066,0.2474304336926548,0.3621353880022014,3989.0,
accuracy,,,,,0.4205
macro avg,0.5067888491709166,0.5056147693077894,0.41560731837123355,6000.0,
weighted avg,0.5622762820903163,0.4205,0.3979794053262426,6000.0,
ROC_AUC,,,,,0.4992351542575001
threshold_used,,,,,0.6
